{"ContentRoots":["C:\\src\\Apr2022\\blasvr-deb\\blasvr-deb\\wwwroot\\","C:\\src\\Apr2022\\blasvr-deb\\blasvr-deb\\obj\\Debug\\net6.0\\scopedcss\\bundle\\"],"Root":{"Children":{"css":{"Children":{"bootstrap":{"Children":{"bootstrap.min.css":{"Children":null,"Asset":{"ContentRootIndex":0,"SubPath":"css/bootstrap/bootstrap.min.css"},"Patterns":null},"bootstrap.min.css.map":{"Children":null,"Asset":{"ContentRootIndex":0,"SubPath":"css/bootstrap/bootstrap.min.css.map"},"Patterns":null}},"Asset":null,"Patterns":null},"open-iconic":{"Children":{"FONT-LICENSE":{"Children":null,"Asset":{"ContentRootIndex":0,"SubPath":"css/open-iconic/FONT-LICENSE"},"Patterns":null},"font":{"Children":{"css":{"Children":{"open-iconic-bootstrap.min.css":{"Children":null,"Asset":{"ContentRootIndex":0,"SubPath":"css/open-iconic/font/css/open-iconic-bootstrap.min.css"},"Patterns":null}},"Asset":null,"Patterns":null},"fonts":{"Children":{"open-iconic.eot":{"Children":null,"Asset":{"ContentRootIndex":0,"SubPath":"css/open-iconic/font/fonts/open-iconic.eot"},"Patterns":null},"open-iconic.otf":{"Children":null,"Asset":{"ContentRootIndex":0,"SubPath":"css/open-iconic/font/fonts/open-iconic.otf"},"Patterns":null},"open-iconic.svg":{"Children":null,"Asset":{"ContentRootIndex":0,"SubPath":"css/open-iconic/font/fonts/open-iconic.svg"},"Patterns":null},"open-iconic.ttf":{"Children":null,"Asset":{"ContentRootIndex":0,"SubPath":"css/open-iconic/font/fonts/open-iconic.ttf"},"Patterns":null},"open-iconic.woff":{"Children":null,"Asset":{"ContentRootIndex":0,"SubPath":"css/open-iconic/font/fonts/open-iconic.woff"},"Patterns":null}},"Asset":null,"Patterns":null}},"Asset":null,"Patterns":null},"ICON-LICENSE":{"Children":null,"Asset":{"ContentRootIndex":0,"SubPath":"css/open-iconic/ICON-LICENSE"},"Patterns":null},"README.md":{"Children":null,"Asset":{"ContentRootIndex":0,"SubPath":"css/open-iconic/README.md"},"Patterns":null}},"Asset":null,"Patterns":null},"site.css":{"Children":null,"Asset":{"ContentRootIndex":0,"SubPath":"css/site.css"},"Patterns":null}},"Asset":null,"Patterns":null},"favicon.ico":{"Children":null,"Asset":{"ContentRootIndex":0,"SubPath":"favicon.ico"},"Patterns":null},"blasvr-deb.styles.css":{"Children":null,"Asset":{"ContentRootIndex":1,"SubPath":"blasvr-deb.styles.css"},"Patterns":null}},"Asset":null,"Patterns":[{"ContentRootIndex":0,"Pattern":"**","Depth":0}]}}